,No,Language,Language (local),Wiki,Articles,All pages,Edits,Admins,Users,Active users,Files,Depth,color_group,quality_quantity
0,1,English,English,en,7085394,64396510,1315739516,829,49932265,115920,952211,1336,red,High_Qty_High_Quality
1,2,Cebuano,Cebuano,ceb,6115897,11230118,36519091,7,133421,175,3,2,orange,High_Qty_Low_Quality
2,3,German,Deutsch,de,3066100,8411906,259348405,169,4799705,38742,130270,93,blue,High_Qty_High_Quality
3,4,French,fran√ßais,fr,2718476,13712452,229907583,141,5436542,41010,77366,274,red,High_Qty_High_Quality
4,5,Swedish,svenska,sv,2619400,6339529,58422053,64,978650,5155,0,18,orange,High_Qty_Low_Quality
5,6,Dutch,Nederlands,nl,2201291,4737801,69953986,30,1465537,8927,20,19,orange,High_Qty_Low_Quality
6,7,Spanish,espa√±ol,es,2072047,8522593,169859793,52,7524848,12438,0,193,red,High_Qty_High_Quality
7,8,Russian,—Ä—É—Å—Å–∫–∏–π,ru,2070080,8413008,149296521,62,3822608,7757,262552,166,blue,High_Qty_High_Quality
8,9,Italian,italiano,it,1942936,8441616,147279340,111,2737042,30722,122463,195,red,High_Qty_High_Quality
9,10,Polish,polski,pl,1673794,3949175,77760016,96,1448683,11441,264,36,blue,High_Qty_High_Quality
10,11,Egyptian Arabic,ŸÖÿµÿ±Ÿâ,arz,1629516,2198246,12542684,7,272244,360,1312,0,blue,High_Qty_Low_Quality
11,12,Chinese,‰∏≠Êñá,zh,1508665,8224834,89498480,66,3876797,16964,69167,215,blue,High_Qty_High_Quality
12,13,Japanese,Êó•Êú¨Ë™û,ja,1479071,4345683,106905368,40,2456877,26155,5713,92,blue,High_Qty_High_Quality
13,14,Ukrainian,—É–∫—Ä–∞—ó–Ω—Å—å–∫–∞,uk,1396238,5004488,46403022,49,844892,6290,114188,61,blue,High_Qty_High_Quality
14,15,Vietnamese,Ti·∫øng Vi·ªát,vi,1296626,14609329,74290987,16,1013475,3339,27214,536,blue,High_Qty_High_Quality
15,16,Arabic,ÿßŸÑÿπÿ±ÿ®Ÿäÿ©,ar,1284599,8954901,72264382,26,2815338,8944,55606,287,blue,High_Qty_High_Quality
16,17,Waray,Winaray,war,1266814,2870586,7725441,3,64511,104,42,4,blue,High_Qty_Low_Quality
17,18,Portuguese,portugu√™s,pt,1159243,5998970,70955781,50,3306449,8100,66473,206,blue,High_Qty_High_Quality
18,19,Persian,ŸÅÿßÿ±ÿ≥€å,fa,1060626,5988929,42891712,36,1455295,10853,96952,154,blue,High_Qty_High_Quality
19,20,Catalan,catal√†,ca,783433,1966026,36391471,26,531952,2915,11374,42,blue,High_Qty_High_Quality
20,21,Indonesian,Bahasa Indonesia,id,749384,4155465,28318651,48,1603494,7065,64239,140,blue,High_Qty_High_Quality
21,22,Korean,ÌïúÍµ≠Ïñ¥,ko,727031,3472760,40749844,27,946326,6852,14995,167,blue,High_Qty_High_Quality
22,23,Serbian,—Å—Ä–ø—Å–∫–∏ / srpski,sr,712387,4215816,30473763,15,490692,2077,39759,174,blue,High_Qty_High_Quality
23,24,Norwegian,norsk,no,658342,1883305,25387053,41,677362,2913,4,46,blue,High_Qty_High_Quality
24,25,Chechen,–Ω–æ—Ö—á–∏–π–Ω,ce,655165,1288963,11013222,3,43430,107,334,7,blue,High_Qty_Low_Quality
25,26,Turkish,T√ºrk√ße,tr,650891,3369324,36282218,23,1737342,5646,43915,187,blue,High_Qty_High_Quality
26,27,Finnish,suomi,fi,606688,1559158,23605165,35,621595,3652,79695,37,blue,High_Qty_High_Quality
27,28,Czech,ƒçe≈°tina,cs,579686,1616601,25328322,32,733932,5378,1,50,blue,High_Qty_High_Quality
28,29,Hungarian,magyar,hu,562497,1599268,28455572,24,601281,1390,9391,60,blue,High_Qty_High_Quality
29,30,Tatar,—Ç–∞—Ç–∞—Ä—á–∞ / tatar√ßa,tt,560324,896067,4642865,8,57607,138,6884,1,blue,High_Qty_Low_Quality
30,31,Romanian,rom√¢nƒÉ,ro,517936,2932279,17198934,18,717774,2142,119973,127,blue,High_Qty_High_Quality
31,32,Basque,euskara,eu,474669,1019165,10427554,12,181003,987,0,13,blue,High_Qty_Low_Quality
32,33,Serbo-Croatian,srpskohrvatski / —Å—Ä–ø—Å–∫–æ—Ö—Ä–≤–∞—Ç—Å–∫–∏,sh,461167,4626951,42489103,8,297541,417,9972,749,blue,High_Qty_High_Quality
33,34,Malay,Bahasa Melayu,ms,434096,1166529,6673677,13,368699,2683,17908,16,blue,High_Qty_Low_Quality
34,35,Minnan,Èñ©ÂçóË™û / B√¢n-l√¢m-g√≠,zh-min-nan,433832,1074768,3249741,3,70015,145,292,6,blue,High_Qty_Low_Quality
35,36,Hebrew,◊¢◊ë◊®◊ô◊™,he,385423,1622726,42042253,28,1248739,7879,86323,267,blue,High_Qty_High_Quality
36,37,Esperanto,Esperanto,eo,377379,846999,9201089,12,243954,498,19251,16,blue,High_Qty_Low_Quality
37,38,Armenian,’∞’°’µ’•÷Ä’•’∂,hy,322933,1185813,10478145,10,159946,725,12353,63,blue,High_Qty_High_Quality
38,39,Uzbek,o ªzbekcha / —û–∑–±–µ–∫—á–∞,uz,311354,1146237,5770864,10,211268,838,4022,36,blue,High_Qty_High_Quality
39,40,Danish,dansk,da,311323,975833,12125498,25,535842,1765,0,56,blue,High_Qty_High_Quality
40,41,Bulgarian,–±—ä–ª–≥–∞—Ä—Å–∫–∏,bg,306389,693568,12712015,20,370316,1983,13,29,blue,High_Qty_High_Quality
41,42,Welsh,Cymraeg,cy,283701,534199,14299981,11,101651,187,12098,20,blue,High_Qty_Low_Quality
42,43,Simple English,Simple English,simple,275642,912899,10588009,24,1663890,4699,36,61,blue,High_Qty_High_Quality
43,44,Greek,ŒïŒªŒªŒ∑ŒΩŒπŒ∫Œ¨,el,260364,733652,11334961,22,469516,2668,19544,51,blue,High_Qty_High_Quality
44,45,Belarusian,–±–µ–ª–∞—Ä—É—Å–∫–∞—è,be,256974,718906,5044592,9,157898,410,3545,22,blue,High_Qty_Low_Quality
45,46,Slovak,slovenƒçina,sk,256406,594485,8089890,11,274114,1488,0,23,blue,High_Qty_Low_Quality
46,47,Estonian,eesti,et,255633,602653,7002325,36,213350,1295,670,21,blue,High_Qty_Low_Quality
47,48,South Azerbaijani,ÿ™€Üÿ±⁄©ÿ¨Ÿá,azb,244356,579740,1579826,4,58456,120,506,5,blue,High_Qty_Low_Quality
48,49,Kazakh,“õ–∞–∑–∞“õ—à–∞,kk,240832,655642,3512938,15,170071,410,8597,15,blue,High_Qty_Low_Quality
49,50,Urdu,ÿßÿ±ÿØŸà,ur,234302,2291924,9161368,8,201244,433,8240,308,blue,High_Qty_High_Quality
50,51,Minangkabau,Minangkabau,min,228666,473695,3186868,5,22264,82,180,7,blue,High_Qty_Low_Quality
51,52,Croatian,hrvatski,hr,228301,492096,7311862,14,338871,1285,21130,19,blue,High_Qty_Low_Quality
52,53,Galician,galego,gl,227466,558309,7217086,6,159926,523,34,27,blue,High_Qty_Low_Quality
53,54,Lithuanian,lietuvi≈≥,lt,223943,558923,7672448,9,204559,803,26885,30,blue,High_Qty_High_Quality
54,55,Azerbaijani,az…ôrbaycanca,az,208875,633615,8354054,12,323171,1267,14694,54,blue,High_Qty_High_Quality
55,56,Slovenian,sloven≈°ƒçina,sl,195563,498075,6524318,22,247721,761,8758,31,blue,High_Qty_High_Quality
56,57,Georgian,·É•·Éê·É†·Éó·É£·Éö·Éò,ka,186482,519907,4910392,6,173656,475,15844,30,blue,High_Qty_High_Quality
57,58,Ladin,Ladin,lld,180807,187810,243096,3,11371,46,4,0,blue,High_Qty_Low_Quality
58,59,Tamil,‡Æ§‡ÆÆ‡Æø‡Æ¥‡Øç,ta,178145,607064,4388008,32,248904,650,9531,41,blue,High_Qty_High_Quality
59,60,Thai,‡πÑ‡∏ó‡∏¢,th,177293,1149648,12621013,20,516412,3529,6257,330,blue,High_Qty_High_Quality
60,61,Bangla,‡¶¨‡¶æ‡¶Ç‡¶≤‡¶æ,bn,176943,1365117,8553793,15,510006,2372,20863,282,blue,High_Qty_High_Quality
61,62,Norwegian Nynorsk,norsk nynorsk,nn,176835,398306,3621427,14,147262,198,10,14,blue,High_Qty_Low_Quality
62,63,Hindi,‡§π‡§ø‡§®‡•ç‡§¶‡•Ä,hi,167165,1381865,6480262,7,875066,1441,4643,247,blue,High_Qty_High_Quality
63,64,Macedonian,–º–∞–∫–µ–¥–æ–Ω—Å–∫–∏,mk,156205,588805,5457650,12,126538,356,8787,71,blue,High_Qty_High_Quality
64,65,Cantonese,Á≤µË™û,zh-yue,147648,333180,2338122,11,311344,1028,3006,11,blue,High_Qty_Low_Quality
65,66,Latin,Latina,la,140670,290732,3915137,21,198189,231,0,15,blue,High_Qty_Low_Quality
66,67,Latvian,latvie≈°u,lv,138314,554247,4350655,14,135632,618,27936,70,blue,High_Qty_High_Quality
67,68,Asturian,asturianu,ast,137720,245612,4433973,7,139178,165,0,11,blue,High_Qty_Low_Quality
68,69,Afrikaans,Afrikaans,af,126903,432594,2843864,14,195463,310,9876,38,blue,High_Qty_High_Quality
69,70,Telugu,‡∞§‡±Ü‡∞≤‡±Å‡∞ó‡±Å,te,116702,398998,4563538,11,140083,427,14715,66,blue,High_Qty_High_Quality
70,71,Tajik,—Ç–æ“∑–∏–∫”£,tg,116029,283687,1444507,6,93032,157,531,10,blue,High_Qty_Low_Quality
71,72,Burmese,·Äô·Äº·Äî·Ä∫·Äô·Ä¨·Äò·Ä¨·Äû·Ä¨,my,109775,260061,953353,4,133309,328,2935,6,blue,High_Qty_Low_Quality
72,73,Albanian,shqip,sq,104526,319662,2864642,5,177397,499,3435,37,blue,High_Qty_High_Quality
73,74,Swahili,Kiswahili,sw,102618,206332,1463171,14,83209,441,1189,7,blue,High_Qty_Low_Quality
74,75,Malagasy,Malagasy,mg,101234,258526,1120969,2,37237,92,3,10,blue,High_Qty_Low_Quality
75,76,Marathi,‡§Æ‡§∞‡§æ‡§†‡•Ä,mr,100679,325227,2622435,10,174172,412,2432,40,blue,High_Qty_High_Quality
76,77,Bosnian,bosanski,bs,96031,381056,3766258,9,173347,308,5296,87,blue,High_Qty_High_Quality
77,78,Kurdish,kurd√Æ,ku,90899,288974,1960283,3,117152,211,555,32,blue,High_Qty_High_Quality
78,79,Occitan,occitan,oc,90333,166438,2474189,4,60325,154,305,10,blue,High_Qty_Low_Quality
79,80,Belarusian (Tara≈°kievica orthography),–±–µ–ª–∞—Ä—É—Å–∫–∞—è (—Ç–∞—Ä–∞—à–∫–µ–≤—ñ—Ü–∞),be-tarask,89882,263576,2633647,4,92820,155,2182,37,blue,High_Qty_High_Quality
80,81,Breton,brezhoneg,br,89691,159671,2159051,6,87139,138,517,8,blue,High_Qty_Low_Quality
81,82,Malayalam,‡¥Æ‡¥≤‡¥Ø‡¥æ‡¥≥‡¥Ç,ml,87348,547518,4325349,14,196321,541,7411,219,blue,High_Qty_High_Quality
82,83,Low German,Plattd√º√ºtsch,nds,85758,184750,1044762,3,59262,69,0,7,blue,High_Qty_Low_Quality
83,84,Lombard,lombard,lmo,79734,152485,1317421,3,49335,92,795,7,blue,High_Qty_Low_Quality
84,85,Central Kurdish,⁄©Ÿàÿ±ÿØ€å,ckb,79112,251656,1512216,7,71269,182,2976,28,blue,High_Qty_High_Quality
85,86,Kyrgyz,–∫—ã—Ä–≥—ã–∑—á–∞,ky,76052,110057,546664,4,45028,158,2681,0,blue,High_Qty_Low_Quality
86,87,Javanese,Jawa,jv,74673,185429,1734490,5,68808,209,4343,20,blue,High_Qty_Low_Quality
87,88,Western Punjabi,ŸæŸÜÿ¨ÿßÿ®€å,pnb,74641,140088,692973,2,42240,77,31,3,blue,High_Qty_Low_Quality
88,89,Newari,‡§®‡•á‡§™‡§æ‡§≤ ‡§≠‡§æ‡§∑‡§æ,new,72601,166619,873246,2,30180,25,0,8,blue,High_Qty_Low_Quality
89,90,Hausa,Hausa,ha,71959,109710,730632,15,38853,232,0,1,blue,High_Qty_Low_Quality
90,91,Haitian Creole,Krey√≤l ayisyen,ht,71122,92356,869322,2,36959,118,0,0,blue,High_Qty_Low_Quality
91,92,Piedmontese,Piemont√®is,pms,70618,106629,878584,4,30355,51,1893,2,blue,High_Qty_Low_Quality
92,93,Venetian,v√®neto,vec,69519,143302,1220829,4,39946,59,724,9,blue,High_Qty_Low_Quality
93,94,Luxembourgish,L√´tzebuergesch,lb,66031,143803,2640317,8,67801,124,2531,25,blue,High_Qty_Low_Quality
94,95,Mazanderani,ŸÖÿßÿ≤Ÿêÿ±ŸàŸÜ€å,mzn,64332,106855,325207,4,43355,47,411,1,blue,High_Qty_Low_Quality
95,96,Bashkir,–±–∞—à“°–æ—Ä—Ç—Å–∞,ba,63915,183874,1286797,4,45645,88,1430,24,blue,High_Qty_Low_Quality
96,97,Irish,Gaeilge,ga,62583,111961,1283200,7,68891,116,1007,7,blue,High_Qty_Low_Quality
97,98,Sundanese,Sunda,su,62134,99698,691129,7,34636,78,419,2,blue,High_Qty_Low_Quality
98,99,Icelandic,√≠slenska,is,60786,158621,1930283,11,108747,324,3276,31,blue,High_Qty_High_Quality
99,100,Ido,Ido,io,59988,85048,1085708,4,43296,89,0,2,blue,High_Qty_Low_Quality
100,101,Silesian,≈õl≈Ønski,szl,59528,75896,381002,3,28148,49,0,0,blue,High_Qty_Low_Quality
101,102,Punjabi,‡®™‡©∞‡®ú‡®æ‡®¨‡©Ä,pa,59154,189766,821697,10,56102,143,1861,21,blue,High_Qty_Low_Quality
102,103,Western Frisian,Frysk,fy,58430,175308,1207497,7,55069,91,7595,27,blue,High_Qty_Low_Quality
103,104,Chuvash,—á”ë–≤–∞—à–ª–∞,cv,58018,120601,862301,2,38526,59,530,8,blue,High_Qty_Low_Quality
104,105,Aragonese,aragon√©s,an,50457,182261,2338259,9,84862,97,1912,87,blue,High_Qty_High_Quality
105,106,Tagalog,Tagalog,tl,48760,247717,2177354,10,154278,317,1823,146,blue,High_Qty_High_Quality
106,107,Gilaki,⁄Ø€åŸÑ⁄©€å,glk,48352,57630,154566,2,17822,40,811,0,blue,High_Qty_Low_Quality
107,108,Wu,Âê¥ËØ≠,wuu,46892,71140,380012,4,170860,146,6,1,blue,High_Qty_Low_Quality
108,109,Volap√ºk,Volap√ºk,vo,45880,163511,3320065,2,39239,36,0,133,blue,High_Qty_High_Quality
109,110,Igbo,Igbo,ig,43757,60027,328742,4,33426,121,0,0,blue,High_Qty_Low_Quality
110,111,Dimli,Zazaki,diq,42340,63880,538195,3,32048,42,193,2,blue,High_Qty_Low_Quality
111,112,Yoruba,Yor√πb√°,yo,36234,60965,603898,4,32400,84,160,4,blue,High_Qty_Low_Quality
112,113,Scots,Scots,sco,34282,138168,902419,3,121859,143,424,59,blue,High_Qty_High_Quality
113,114,Kannada,‡≤ï‡≤®‡≥ç‡≤®‡≤°,kn,34010,157597,1312922,5,94180,255,2362,110,blue,High_Qty_High_Quality
114,115,Balinese,Basa Bali,ban,33792,68290,239260,3,62934,154,143,3,blue,High_Qty_Low_Quality
115,116,Alemannic,Alemannisch,als,31379,74663,1073493,7,114373,137,595,27,blue,High_Qty_Low_Quality
116,117,Gujarati,‡™ó‡´Å‡™ú‡™∞‡™æ‡™§‡´Ä,gu,30707,134432,891741,3,83486,171,0,75,blue,High_Qty_High_Quality
117,118,Interlingua,interlingua,ia,30146,45762,682516,6,56522,56,4,4,blue,High_Qty_Low_Quality
118,119,Kotava,Kotava,avk,29896,36342,146354,6,7551,27,0,0,blue,High_Qty_Low_Quality
119,120,Crimean Tatar,qƒ±rƒ±mtatarca,crh,29616,57486,240640,2,53483,64,0,3,blue,High_Qty_Low_Quality
120,121,Nepali,‡§®‡•á‡§™‡§æ‡§≤‡•Ä,ne,29218,111529,1319631,5,74006,195,1468,93,blue,High_Qty_High_Quality
121,122,Bavarian,Boarisch,bar,27200,110538,849678,2,77008,64,1153,72,blue,High_Qty_High_Quality
122,123,Mongolian,–º–æ–Ω–≥–æ–ª,mn,26421,113104,836396,5,99189,283,1341,79,blue,High_Qty_High_Quality
123,124,Sicilian,sicilianu,scn,26132,56014,769361,4,48890,76,1077,17,blue,High_Qty_Low_Quality
124,125,Bishnupriya,‡¶¨‡¶ø‡¶∑‡ßç‡¶£‡ßÅ‡¶™‡ßç‡¶∞‡¶ø‡¶Ø‡¶º‡¶æ ‡¶Æ‡¶£‡¶ø‡¶™‡ßÅ‡¶∞‡ßÄ,bpy,25092,63451,895156,2,27486,26,35,32,blue,High_Qty_High_Quality
125,126,Sinhala,‡∑É‡∑í‡∂Ç‡∑Ñ‡∂Ω,si,24602,166020,767743,3,74886,223,2932,152,blue,High_Qty_High_Quality
126,127,Saraiki,ÿ≥ÿ±ÿßÿ¶€å⁄©€å,skr,24331,28646,65206,2,3802,27,0,0,blue,High_Qty_Low_Quality
127,128,Quechua,Runa Simi,qu,24205,58220,678905,1,33231,54,0,23,blue,High_Qty_Low_Quality
128,129,Navajo,Din√© bizaad,nv,22664,37318,308434,2,19894,24,736,3,blue,High_Qty_Low_Quality
129,130,Mingrelian,·Éõ·Éê·É†·Éí·Éê·Éö·É£·É†·Éò,xmf,21914,41504,242833,3,22055,43,0,4,blue,High_Qty_Low_Quality
130,131,Ossetic,–∏—Ä–æ–Ω,os,21358,76392,589526,3,27177,44,149,51,blue,High_Qty_High_Quality
131,132,Central Bikol,Bikol Central,bcl,21122,49870,297921,4,29017,101,798,11,blue,High_Qty_Low_Quality
132,133,Pashto,Ÿæ⁄öÿ™Ÿà,ps,20813,74753,356645,3,37234,88,1815,32,blue,High_Qty_High_Quality
133,134,Northern Frisian,Nordfriisk,frr,20663,51266,275199,4,23201,35,1482,11,blue,High_Qty_Low_Quality
134,135,Odia,‡¨ì‡¨°‡¨º‡¨ø‡¨Ü,or,19953,85093,569720,4,39944,104,170,71,blue,High_Qty_High_Quality
135,136,Assamese,‡¶Ö‡¶∏‡¶Æ‡ßÄ‡¶Ø‡¶º‡¶æ,as,19919,114909,547401,6,46604,156,2345,108,blue,High_Qty_High_Quality
136,137,Sindhi,ÿ≥ŸÜ⁄åŸä,sd,19580,70103,339184,4,20967,86,158,32,blue,High_Qty_High_Quality
137,138,Tumbuka,chiTumbuka,tum,18794,39187,106473,4,10574,26,138,3,blue,High_Qty_Low_Quality
138,139,Yakut,—Å–∞—Ö–∞ —Ç—ã–ª–∞,sah,17750,53763,420842,4,27830,68,1765,32,blue,High_Qty_High_Quality
139,140,Samogitian,≈æemaitƒó≈°ka,bat-smg,17273,30043,362250,4,28199,30,109,6,blue,High_Qty_Low_Quality
140,141,Mindong,Èñ©Êù±Ë™û / M√¨ng-dƒïÃ§ng-ng·π≥ÃÑ,cdo,16684,33544,104045,3,24056,35,0,3,blue,High_Qty_Low_Quality
141,142,Scottish Gaelic,G√†idhlig,gd,16012,32581,579245,5,31059,39,290,19,blue,High_Qty_Low_Quality
142,143,Buginese,Basa Ugi,bug,15955,20464,205555,1,14774,18,0,0,blue,High_Qty_Low_Quality
143,144,Yiddish,◊ô◊ô÷¥◊ì◊ô◊©,yi,15632,44403,597770,3,58171,71,985,45,blue,High_Qty_High_Quality
144,145,Amharic,·ä†·àõ·à≠·äõ,am,15458,46415,387081,1,53052,112,1359,33,blue,High_Qty_High_Quality
145,146,Iloko,Ilokano,ilo,15433,70529,404250,2,19292,55,0,73,blue,High_Qty_High_Quality
146,147,Limburgish,Limburgs,li,15138,68639,483269,7,32137,45,622,87,blue,High_Qty_High_Quality
147,148,Neapolitan,Napulitano,nap,14935,24154,670579,3,33202,39,287,10,blue,High_Qty_Low_Quality
148,149,Gorontalo,Bahasa Hulontalo,gor,14854,24314,61941,3,7641,43,0,1,blue,High_Qty_Low_Quality
149,150,Shan,·Äê·ÇÜ·Ä∏,shn,14249,33871,114755,2,5702,27,74,6,blue,High_Qty_Low_Quality
150,151,Maithili,‡§Æ‡•à‡§•‡§ø‡§≤‡•Ä,mai,14246,45161,270234,4,16271,50,126,28,blue,High_Qty_High_Quality
151,152,Upper Sorbian,hornjoserbsce,hsb,14184,36313,388074,4,27353,40,126,26,blue,High_Qty_Low_Quality
152,153,Faroese,f√∏royskt,fo,14177,41103,385887,3,33363,76,0,33,blue,High_Qty_High_Quality
153,154,Banyumasan,Basa Banyumasan,map-bms,13940,30440,221639,1,19253,58,452,10,blue,High_Qty_Low_Quality
154,155,Literary Chinese,ÊñáË®Ä,zh-classical,13855,116245,425110,6,110622,79,0,199,blue,High_Qty_High_Quality
155,156,Santali,·±•·±ü·±±·±õ·±ü·±≤·±§,sat,13817,29570,178394,3,10045,48,0,7,blue,High_Qty_Low_Quality
156,157,Emiliano-Romagnolo,emili√†n e rumagn√≤l,eml,13687,36713,164637,3,29625,48,2818,12,blue,High_Qty_Low_Quality
157,158,Interlingue,Interlingue,ie,13359,17639,165815,1,22957,40,0,0,blue,High_Qty_Low_Quality
158,159,Dagbani,dagbanli,dag,13289,24315,121823,1,6743,60,0,3,blue,High_Qty_Low_Quality
159,160,Western Armenian,‘±÷Ä’•÷Ç’¥’ø’°’∞’°’µ’•÷Ä’ß’∂,hyw,13148,28528,234216,5,13262,50,0,11,blue,High_Qty_Low_Quality
160,161,Acehnese,Ac√®h,ace,13004,27957,155119,3,31589,49,0,7,blue,High_Qty_Low_Quality
161,162,Walloon,walon,wa,12779,30601,419322,4,27353,33,728,26,blue,High_Qty_Low_Quality
162,163,Sanskrit,‡§∏‡§Ç‡§∏‡•ç‡§ï‡•É‡§§‡§Æ‡•ç,sa,12403,81079,495754,3,44207,45,445,187,blue,High_Qty_High_Quality
163,164,Fula,Fulfulde,ff,12384,26708,128684,3,12103,42,0,6,blue,High_Qty_Low_Quality
164,165,Fiji Hindi,Fiji Hindi,hif,12014,54766,328563,3,37645,65,187,75,blue,High_Qty_High_Quality
165,166,Standard Moroccan Tamazight,‚µú‚¥∞‚µé‚¥∞‚µ£‚µâ‚µñ‚µú ‚µú‚¥∞‚µè‚¥∞‚µ°‚¥∞‚µ¢‚µú,zgh,11927,37596,132264,3,21345,91,0,16,blue,High_Qty_Low_Quality
166,167,Zulu,isiZulu,zu,11803,26129,116993,1,24402,54,0,6,blue,High_Qty_Low_Quality
167,168,Khmer,·ûó·û∂·ûü·û∂·ûÅ·üí·ûò·üÇ·ûö,km,11743,36685,328154,2,47720,165,808,40,blue,High_Qty_High_Quality
168,169,Shona,chiShona,sn,11495,20496,112361,1,19897,28,0,3,blue,High_Qty_Low_Quality
169,170,Ligurian,Ligure,lij,11453,27966,264098,7,18756,34,30,19,blue,High_Qty_Low_Quality
170,171,Banjar,Banjar,bjn,11407,34766,106436,3,16525,49,2,12,blue,High_Qty_Low_Quality
171,172,Eastern Mari,–æ–ª—ã–∫ –º–∞—Ä–∏–π,mhr,11327,31186,201341,1,16067,31,0,19,blue,High_Qty_Low_Quality
172,173,Moroccan Arabic,ÿßŸÑÿØÿßÿ±ÿ¨ÿ©,ary,10936,90344,457616,3,18013,72,335,267,blue,Low_Qty_High_Quality
173,174,Tachelhit,Tacl·∏•it,shi,10878,14930,77562,2,20808,27,0,0,blue,Low_Qty_Low_Quality
174,175,Kara-Kalpak,Qaraqalpaqsha,kaa,10845,28222,176651,4,14697,89,83,16,blue,Low_Qty_Low_Quality
175,176,Manipuri,ÍØÉÍØ§ÍØáÍØ© ÍØÇÍØ£ÍØü,mni,10453,17372,59631,3,24547,31,0,1,blue,Low_Qty_Low_Quality
176,177,Western Mari,–∫—ã—Ä—ã–∫ –º–∞—Ä—ã,mrj,10429,21111,107362,1,11979,18,0,5,blue,Low_Qty_Low_Quality
177,178,Hakka Chinese,ÂÆ¢ÂÆ∂Ë™û / Hak-k√¢-ng√Æ,hak,10381,19912,132621,1,35580,51,0,5,blue,Low_Qty_Low_Quality
178,179,Rusyn,—Ä—É—Å–∏–Ω—å—Å–∫—ã–π,rue,10141,22293,160908,1,34126,54,87,10,blue,Low_Qty_Low_Quality
179,180,Pampanga,Kapampangan,pam,10139,23228,309762,2,23849,36,394,22,blue,Low_Qty_Low_Quality
180,181,Talysh,tolƒ±≈üi,tly,10043,13807,123159,1,24250,36,1,1,blue,Low_Qty_Low_Quality
181,182,Uyghur,ÿ¶€áŸäÿ∫€áÿ±⁄Ü€ï / Uyghurche,ug,9610,16976,172591,1,24674,41,0,5,blue,Low_Qty_Low_Quality
182,183,Tarantino,tarand√≠ne,roa-tara,9492,18899,150643,3,12812,22,148,7,blue,Low_Qty_Low_Quality
183,184,Somali,Soomaaliga,so,9082,28212,287660,1,42685,215,0,45,blue,Low_Qty_High_Quality
184,185,Bhojpuri,‡§≠‡•ã‡§ú‡§™‡•Å‡§∞‡•Ä,bh,8852,80468,784820,2,38747,52,54,638,blue,Low_Qty_High_Quality
185,186,Kinyarwanda,Ikinyarwanda,rw,8846,17583,125513,2,16754,71,0,6,blue,Low_Qty_Low_Quality
186,187,Northern Sotho,Sesotho sa Leboa,nso,8782,11488,53211,1,8066,24,0,0,blue,Low_Qty_Low_Quality
187,188,Corsican,corsu,co,8604,17991,397962,2,26025,48,0,26,blue,Low_Qty_Low_Quality
188,189,West Flemish,West-Vlams,vls,8198,22417,322877,4,29703,32,348,43,blue,Low_Qty_High_Quality
189,190,Kashmiri,⁄©Ÿ≤ÿ¥Ÿèÿ±,ks,8124,19903,120931,2,13114,37,75,12,blue,Low_Qty_Low_Quality
190,191,Low Saxon,Nedersaksies,nds-nl,8050,21932,331335,6,33402,50,561,44,blue,Low_Qty_High_Quality
191,192,MƒÅori,MƒÅori,mi,8012,15428,166374,2,21869,28,0,9,blue,Low_Qty_Low_Quality
192,193,Northern Sami,davvis√°megiella,se,7904,21121,305248,5,32435,31,0,40,blue,Low_Qty_High_Quality
193,194,Erzya,—ç—Ä–∑—è–Ω—å,myv,7866,31437,153243,4,14556,21,0,43,blue,Low_Qty_High_Quality
194,195,Sardinian,sardu,sc,7728,17522,187116,4,27949,40,157,17,blue,Low_Qty_Low_Quality
195,196,Maltese,Malti,mt,7630,23473,325637,4,26290,62,697,59,blue,Low_Qty_High_Quality
196,197,Moksha,–º–æ–∫—à–µ–Ω—å,mdf,7611,23661,101533,2,11273,18,0,19,blue,Low_Qty_Low_Quality
197,198,Tibetan,‡Ωñ‡Ωº‡Ωë‡ºã‡Ω°‡Ω≤‡ΩÇ,bo,7292,20914,155402,3,33535,63,0,25,blue,Low_Qty_Low_Quality
198,199,Cornish,kernowek,kw,7097,14771,223089,3,17823,28,6,17,blue,Low_Qty_Low_Quality
199,200,Veps,veps√§n kel‚Äô,vep,7066,38011,182223,1,17698,27,0,91,blue,Low_Qty_High_Quality
200,201,Zeelandic,Ze√™uws,zea,7059,13483,168533,3,15144,24,1,10,blue,Low_Qty_Low_Quality
201,202,Turkmen,T√ºrkmen√ße,tk,7019,17481,266009,2,32161,81,332,33,blue,Low_Qty_High_Quality
202,203,Kabyle,Taqbaylit,kab,7000,17970,114173,1,15739,29,0,15,blue,Low_Qty_Low_Quality
203,204,Manx,Gaelg,gv,6968,38842,366251,3,22395,31,121,197,blue,Low_Qty_High_Quality
204,205,V√µro,v√µro,fiu-vro,6847,12999,183488,4,15961,31,50,11,blue,Low_Qty_Low_Quality
205,206,Gan,Ë¥õË™û,gan,6772,34428,400372,2,67696,38,40,193,blue,Low_Qty_High_Quality
206,207,Inari Sami,anar√¢≈°kiel√¢,smn,6483,28280,140121,4,6284,31,0,56,blue,Low_Qty_High_Quality
207,208,Abkhazian,–∞‘•—Å—à”ô–∞,ab,6477,32895,158405,2,23630,42,9,80,blue,Low_Qty_High_Quality
208,209,Picard,Picard,pcd,6016,11995,78005,2,20439,34,50,6,blue,Low_Qty_Low_Quality
209,210,Guarani,Ava√±e'·∫Ω,gn,5979,14069,135837,2,21719,44,0,17,blue,Low_Qty_Low_Quality
210,211,Arpitan,arpetan,frp,5812,17999,229729,2,18800,27,0,56,blue,Low_Qty_High_Quality
211,212,Komi,–∫–æ–º–∏,kv,5728,19732,147170,1,16304,34,0,44,blue,Low_Qty_High_Quality
212,213,Udmurt,—É–¥–º—É—Ä—Ç,udm,5716,20027,128983,2,16886,27,8,40,blue,Low_Qty_High_Quality
213,214,Kashubian,kasz√´bsczi,csb,5495,8892,190110,3,18761,24,0,8,blue,Low_Qty_Low_Quality
214,215,Aymara,Aymar aru,ay,5243,8902,101918,1,18741,32,0,5,blue,Low_Qty_Low_Quality
215,216,Lao,‡∫•‡∫≤‡∫ß,lo,5215,15697,121291,4,21832,77,36,31,blue,Low_Qty_High_Quality
216,217,Norman,Nouormand,nrm,5055,10681,220975,1,14806,17,0,25,blue,Low_Qty_Low_Quality
217,218,Old English,√Ünglisc,ang,5004,21109,226355,1,134910,82,264,111,blue,Low_Qty_High_Quality
218,219,Papiamento,Papiamentu,pap,4964,10302,174149,5,17240,28,0,19,blue,Low_Qty_Low_Quality
219,220,Friulian,furlan,fur,4877,11183,181558,2,16209,30,296,27,blue,Low_Qty_Low_Quality
220,221,Lingala,ling√°la,ln,4835,11457,133555,4,15080,38,34,21,blue,Low_Qty_Low_Quality
221,222,Livvi-Karelian,livvinkarjala,olo,4630,13923,38706,2,8229,23,0,11,blue,Low_Qty_Low_Quality
222,223,Twi,Twi,tw,4625,8588,134617,3,17666,32,0,11,blue,Low_Qty_Low_Quality
223,224,Lingua Franca Nova,Lingua Franca Nova,lfn,4491,7186,42063,1,15739,34,0,2,blue,Low_Qty_Low_Quality
224,225,Lezghian,–ª–µ–∑–≥–∏,lez,4445,14890,97422,3,12338,19,11,36,blue,Low_Qty_High_Quality
225,226,Ganda,Luganda,lg,4363,8696,43694,1,10348,47,0,4,blue,Low_Qty_Low_Quality
226,227,Nahuatl,NƒÅhuatl,nah,4281,13348,523448,2,24019,23,168,175,blue,Low_Qty_High_Quality
227,228,Mirandese,Mirand√©s,mwl,4280,10730,105741,1,14730,23,0,22,blue,Low_Qty_Low_Quality
228,229,Saterland Frisian,Seeltersk,stq,4129,10818,123714,4,14722,18,381,30,blue,Low_Qty_High_Quality
229,230,Extremaduran,estreme√±u,ext,4050,9126,139190,2,19440,25,0,23,blue,Low_Qty_Low_Quality
230,231,Ghanaian Pidgin,Ghanaian Pidgin,gpe,4014,21540,81017,2,4164,28,0,71,blue,Low_Qty_High_Quality
231,232,Avaric,–∞–≤–∞—Ä,av,4002,18757,96623,2,16922,37,0,70,blue,Low_Qty_High_Quality
232,233,Tuvinian,—Ç—ã–≤–∞ –¥—ã–ª,tyv,3997,14393,51091,1,10578,27,0,24,blue,Low_Qty_Low_Quality
233,234,Ladino,Ladino,lad,3873,13609,215298,4,23807,24,21,99,blue,Low_Qty_High_Quality
234,235,Romansh,rumantsch,rm,3809,9779,167826,2,22583,31,48,42,blue,Low_Qty_High_Quality
235,236,Goan Konkani,‡§ó‡•ã‡§Ç‡§Ø‡§ö‡•Ä ‡§ï‡•ã‡§Ç‡§ï‡§£‡•Ä / G√µychi Konknni,gom,3643,8903,213947,4,11376,18,0,50,blue,Low_Qty_High_Quality
236,237,Doteli,‡§°‡•ã‡§ü‡•á‡§≤‡•Ä,dty,3626,22156,245885,2,7834,24,3,289,blue,Low_Qty_High_Quality
237,238,Komi-Permyak,–ø–µ—Ä–µ–º –∫–æ–º–∏,koi,3469,13381,63414,1,9602,12,0,38,blue,Low_Qty_High_Quality
238,239,Lower Sorbian,dolnoserbski,dsb,3425,11627,146580,1,20419,30,0,72,blue,Low_Qty_High_Quality
239,240,Fon,f…îÃÄngb√®,fon,3243,4962,28424,2,1910,26,0,1,blue,Low_Qty_Low_Quality
240,241,Chavacano,Chavacano de Zamboanga,cbk-zam,3237,8991,116856,2,16015,24,0,41,blue,Low_Qty_High_Quality
241,242,Tswana,Setswana,tn,3235,7381,44648,1,12019,33,4,9,blue,Low_Qty_Low_Quality
242,243,Divehi,ﬁãﬁ®ﬁàﬁ¨ﬁÄﬁ®ﬁÑﬁ¶ﬁêﬁ∞,dv,3190,12538,136856,2,27418,31,931,93,blue,Low_Qty_High_Quality
243,244,Betawi,Betawi,bew,3055,7390,32180,3,2549,36,0,8,blue,Low_Qty_Low_Quality
244,245,Colognian,Ripoarisch,ksh,3037,10798,1609467,3,24612,17,0,973,blue,Low_Qty_High_Quality
245,246,Gagauz,Gagauz,gag,3013,7801,74793,1,16069,27,0,24,blue,Low_Qty_Low_Quality
246,247,Zhuang,Vahcuengh,za,3006,5567,42731,1,12124,12,0,5,blue,Low_Qty_Low_Quality
247,248,Hawaiian,Hawai ªi,haw,2961,6198,100190,1,20055,39,0,19,blue,Low_Qty_Low_Quality
248,249,Russia Buriat,–±—É—Ä—è–∞–¥,bxr,2910,11320,74036,1,17116,22,8,54,blue,Low_Qty_High_Quality
249,250,Pa'O,·Äï·Ä°·Ä≠·ÄØ·Äù·Ä∫·Çè·Äò·Ä¨·Çè·Äû·Ä¨·Çè,blk,2907,8648,32535,1,2627,22,0,14,blue,Low_Qty_Low_Quality
250,251,Tulu,‡≤§‡≥Å‡≤≥‡≥Å,tcy,2850,17104,198548,4,8397,39,13,290,blue,Low_Qty_High_Quality
251,252,Palatine German,P√§lzisch,pfl,2826,7063,92661,4,13446,14,0,29,blue,Low_Qty_High_Quality
252,253,Southern Dagaare,Dagaare,dga,2806,6277,56074,1,1356,21,0,13,blue,Low_Qty_Low_Quality
253,254,Sakizaya,Sakizaya,szy,2735,6280,139502,1,3928,15,0,37,blue,Low_Qty_High_Quality
254,255,Komering,Kumoring,kge,2660,4370,31125,0,1104,13,0,2,blue,Low_Qty_Low_Quality
255,256,Karachay-Balkar,–∫—ä–∞—Ä–∞—á–∞–π-–º–∞–ª–∫—ä–∞—Ä,krc,2629,16696,120015,2,11624,25,0,205,blue,Low_Qty_High_Quality
256,257,Pangasinan,Pangasinan,pag,2618,6725,79091,1,9448,20,0,28,blue,Low_Qty_High_Quality
257,258,Atayal,Tayal,tay,2582,3280,62069,1,2526,21,0,1,blue,Low_Qty_Low_Quality
258,259,Awadhi,‡§Ö‡§µ‡§ß‡•Ä,awa,2520,5871,28078,2,4603,23,0,8,blue,Low_Qty_Low_Quality
259,260,Ingush,–≥”Ä–∞–ª–≥”Ä–∞–π,inh,2408,15971,70628,2,5735,21,37,140,blue,Low_Qty_High_Quality
260,261,Xhosa,isiXhosa,xh,2319,5568,39793,1,15245,37,0,14,blue,Low_Qty_Low_Quality
261,262,Atikamekw,Atikamekw,atj,2076,3283,16705,9,5729,16,0,1,blue,Low_Qty_Low_Quality
262,263,Tongan,lea faka-Tonga,to,2043,5533,43834,2,12317,18,12,23,blue,Low_Qty_Low_Quality
263,264,Pennsylvania German,Deitsch,pdc,2039,6042,107198,1,37610,32,0,68,blue,Low_Qty_High_Quality
264,265,Frafra,farefare,gur,2010,3205,20596,1,1952,29,0,2,blue,Low_Qty_Low_Quality
265,266,Madurese,Madhur√¢,mad,1974,11247,41746,4,4090,81,0,81,blue,Low_Qty_High_Quality
266,267,Oromo,Oromoo,om,1960,5337,45222,1,12962,37,0,25,blue,Low_Qty_Low_Quality
267,268,Mon,·Äò·Ä¨·Äû·Ä¨·Äô·Äî·Ä∫,mnw,1957,6790,47196,3,4876,19,0,42,blue,Low_Qty_High_Quality
268,269,Aramaic,‹ê‹™‹°‹ù‹ê,arc,1915,6564,97105,2,23021,28,0,87,blue,Low_Qty_High_Quality
269,270,Kikuyu,Gƒ©k≈©y≈©,ki,1899,3784,22616,1,10023,14,0,5,blue,Low_Qty_Low_Quality
270,271,Novial,Novial,nov,1877,4812,180225,2,13232,15,0,91,blue,Low_Qty_High_Quality
271,272,Iban,Jaku Iban,iba,1842,4915,15477,0,1547,62,0,8,blue,Low_Qty_Low_Quality
272,273,Nias,Li Niha,nia,1764,4459,25877,2,2606,17,0,13,blue,Low_Qty_Low_Quality
273,274,Wolof,Wolof,wo,1741,5563,107049,1,16989,25,0,92,blue,Low_Qty_High_Quality
274,275,Jamaican Creole English,Patois,jam,1732,3134,22658,1,11516,26,0,4,blue,Low_Qty_Low_Quality
275,276,Kabiye,Kab…©y…õ,kbp,1714,3448,18565,1,5564,14,0,5,blue,Low_Qty_Low_Quality
276,277,Central Dusun,Kadazandusun,dtp,1706,7177,22926,3,2138,24,0,32,blue,Low_Qty_High_Quality
277,278,Fanti,mfantse,fat,1665,4608,24395,2,2203,20,0,16,blue,Low_Qty_Low_Quality
278,279,Angika,‡§Ö‡§Ç‡§ó‡§ø‡§ï‡§æ,anp,1661,5209,22548,1,3295,22,0,19,blue,Low_Qty_Low_Quality
279,280,Kabardian,–∞–¥—ã–≥—ç–±–∑—ç,kbd,1637,7100,48514,2,11190,18,0,76,blue,Low_Qty_High_Quality
280,281,Fijian,Na Vosa Vakaviti,fj,1612,4343,37992,1,10407,18,0,25,blue,Low_Qty_Low_Quality
281,282,Kalmyk,—Ö–∞–ª—å–º–≥,xal,1597,12356,92141,1,11024,22,0,338,blue,Low_Qty_High_Quality
282,283,N‚ÄôKo,ﬂíﬂûﬂè,nqo,1569,3401,12533,1,5433,25,0,5,blue,Low_Qty_Low_Quality
283,284,Kongo,Kongo,kg,1567,4018,48243,2,12401,17,0,29,blue,Low_Qty_High_Quality
284,285,Gun,gungbe,guw,1558,2770,43023,4,2204,20,0,9,blue,Low_Qty_Low_Quality
285,286,Central Kanuri,Yerwa Kanuri,knc,1525,2395,27012,3,1001,16,0,3,blue,Low_Qty_Low_Quality
286,287,Southern Sotho,Sesotho,st,1521,5378,35038,1,12187,30,0,41,blue,Low_Qty_High_Quality
287,288,Nigerian Pidgin,Naij√°,pcm,1510,2763,29879,4,3077,25,0,7,blue,Low_Qty_Low_Quality
288,289,Bislama,Bislama,bi,1479,3440,43915,1,14905,23,0,22,blue,Low_Qty_Low_Quality
289,290,Tyap,Tyap,kcg,1450,6324,38803,2,2520,16,1,69,blue,Low_Qty_High_Quality
290,291,Tok Pisin,Tok Pisin,tpi,1405,5792,89412,1,15484,27,0,150,blue,Low_Qty_High_Quality
291,292,Aromanian,arm√£neashti,roa-rup,1389,4622,209120,1,15434,21,0,245,blue,Low_Qty_High_Quality
292,293,Tetum,tetun,tet,1380,3952,69658,2,10966,17,0,61,blue,Low_Qty_High_Quality
293,294,Lojban,la .lojban.,jbo,1348,5816,113587,1,18888,22,0,214,blue,Low_Qty_High_Quality
294,295,Church Slavic,—Å–ª–æ–≤—£–Ω—å—Å–∫—ä / ‚∞î‚∞é‚∞ë‚∞Ç‚∞°‚∞ê‚∞†‚∞î‚∞ç‚∞ü,cu,1310,5884,86558,1,28352,26,0,179,blue,Low_Qty_High_Quality
295,296,Mossi,moore,mos,1303,2086,31414,0,1221,13,0,5,blue,Low_Qty_Low_Quality
296,297,Ewe,e ãegbe,ee,1267,4252,59621,2,16525,25,0,77,blue,Low_Qty_High_Quality
297,298,Lak,–ª–∞–∫–∫—É,lbe,1255,16192,53914,1,9433,13,0,471,blue,Low_Qty_High_Quality
298,299,Tahitian,reo tahiti,ty,1250,3076,54003,1,8426,14,0,37,blue,Low_Qty_High_Quality
299,300,Taroko,Seediq,trv,1201,2209,104026,1,2743,13,0,33,blue,Low_Qty_High_Quality
300,301,Batak Toba,Batak Toba,bbc,1200,2261,14351,2,2093,22,0,4,blue,Low_Qty_Low_Quality
301,302,Kusaal,K ãsaal,kus,1195,1777,14097,0,935,14,0,1,blue,Low_Qty_Low_Quality
302,303,Sylheti,Í†çÍ†§Í†üÍ†êÍ†§,syl,1194,6112,29127,1,1270,13,0,80,blue,Low_Qty_High_Quality
303,304,Batak Mandailing,Batak Mandailing,btm,1181,2657,11917,1,1226,12,0,7,blue,Low_Qty_Low_Quality
304,305,Samoan,Gagana Samoa,sm,1177,6144,47574,1,11787,22,0,137,blue,Low_Qty_High_Quality
305,306,Amis,Pangcah,ami,1145,2252,47769,1,3310,14,0,19,blue,Low_Qty_Low_Quality
306,307,Swati,SiSwati,ss,1133,3479,42224,3,9997,18,0,52,blue,Low_Qty_High_Quality
307,308,Sranan Tongo,Sranantongo,srn,1129,2730,40005,1,8716,14,0,29,blue,Low_Qty_High_Quality
308,309,Latgalian,latgaƒºu,ltg,1111,3406,37099,1,8450,16,0,46,blue,Low_Qty_High_Quality
309,310,Southern Altai,–∞–ª—Ç–∞–π —Ç–∏–ª,alt,1102,6983,48145,2,4155,11,0,196,blue,Low_Qty_High_Quality
310,311,Nyanja,Chi-Chewa,ny,1099,5413,48233,2,12198,22,0,137,blue,Low_Qty_High_Quality
311,312,Guianan Creole,kriy√≤l gwiyannen,gcr,1075,2670,17592,1,4078,16,0,14,blue,Low_Qty_Low_Quality
312,313,Arakanese,·Äõ·ÄÅ·Ä≠·ÄØ·ÄÑ·Ä∫,rki,1060,3178,15599,2,615,40,0,19,blue,Low_Qty_Low_Quality
313,314,Cherokee,·è£·é≥·é©,chr,1000,4065,51093,1,29781,28,0,118,blue,Low_Qty_High_Quality
314,315,Gothic,êå≤êåøêçÑêåπêçÉêå∫,got,976,3946,48357,2,22108,29,0,113,blue,Low_Qty_High_Quality
315,316,Tsonga,Xitsonga,ts,954,4243,39715,2,12076,23,0,111,blue,Low_Qty_High_Quality
316,317,Pannonian Rusyn,—Ä—É—Å–∫–∏,rsk,934,2132,12910,1,1547,15,0,9,blue,Low_Qty_Low_Quality
317,318,Igala,Igala,igl,933,1330,32722,0,1139,15,0,4,blue,Low_Qty_Low_Quality
318,319,Bambara,bamanankan,bm,920,3329,41837,1,12340,17,0,86,blue,Low_Qty_High_Quality
319,320,Venda,Tshivenda,ve,822,2417,21214,1,9091,12,0,33,blue,Low_Qty_High_Quality
320,321,Vlax Romani,romani ƒçhib,rmy,756,2843,57044,1,19141,15,0,152,blue,Low_Qty_High_Quality
321,322,Cheyenne,Tsets√™hest√¢hese,chy,724,2285,25364,1,13466,23,0,51,blue,Low_Qty_High_Quality
322,323,Rundi,ikirundi,rn,703,2727,26782,1,11043,15,0,81,blue,Low_Qty_High_Quality
323,324,Wayuu,wayuunaiki,guc,687,1341,17622,2,2332,41,0,11,blue,Low_Qty_Low_Quality
324,325,Adyghe,–∞–¥—ã–≥–∞–±–∑—ç,ady,615,4646,16118,1,9677,26,0,149,blue,Low_Qty_High_Quality
325,326,Inupiaq,I√±upiatun,ik,604,2870,40238,1,9972,17,0,197,blue,Low_Qty_High_Quality
326,327,Chamorro,Chamoru,ch,557,2585,24468,1,17818,24,0,125,blue,Low_Qty_High_Quality
327,328,Pontic,Œ†ŒøŒΩœÑŒπŒ±Œ∫Œ¨,pnt,488,2106,36247,1,12032,14,0,189,blue,Low_Qty_High_Quality
328,329,Nupe,Nupe,nup,486,997,17037,3,756,16,0,18,blue,Low_Qty_Low_Quality
329,330,Obolo,Obolo,ann,433,891,4842,1,946,12,0,6,blue,Low_Qty_Low_Quality
330,331,Inuktitut,·êÉ·ìÑ·íÉ·ëé·ëê·ë¶ / inuktitut,iu,424,3009,48608,2,32905,49,0,600,blue,Low_Qty_High_Quality
331,332,Dzongkha,‡Ωá‡Ωº‡ΩÑ‡ºã‡ΩÅ,dz,377,5484,38272,1,12619,33,0,1280,blue,Low_Qty_High_Quality
332,333,Paiwan,pinayuanan,pwn,375,631,12967,1,2423,14,0,9,blue,Low_Qty_Low_Quality
333,334,Sango,S√§ng√∂,sg,368,2062,21545,1,7593,13,0,221,blue,Low_Qty_High_Quality
334,335,Tai Nuea,·•ñ·•≠·•∞ ·•ñ·•¨·•≤ ·•ë·•®·•í·•∞,tdd,342,1855,6582,1,828,9,0,69,blue,Low_Qty_High_Quality
335,336,Dinka,Thu…î≈ãj√§≈ã,din,338,1126,9016,1,7360,14,0,43,blue,Low_Qty_High_Quality
336,337,Tigrinya,·âµ·åç·à≠·äõ,ti,335,3027,25599,2,10936,25,0,546,blue,Low_Qty_High_Quality
337,338,Pali,‡§™‡§æ‡§≤‡§ø,pi,290,1826,102864,1,8196,14,1,1580,blue,Low_Qty_High_Quality
338,339,South Ndebele,isiNdebele seSewula,nr,266,836,5712,0,1092,16,0,31,blue,Low_Qty_High_Quality
339,340,Kalaallisut,kalaallisut,kl,245,2290,76382,3,15555,24,0,2323,blue,Low_Qty_High_Quality
340,341,West Coast Bajau,Bajau Sama,bdr,236,1315,5493,1,1149,13,0,87,blue,Low_Qty_High_Quality
341,342,Tigre,·âµ·åç·à¨,tig,44,478,6408,1,1051,12,0,1304,blue,Low_Qty_High_Quality
342,343,Cree,Nƒìhiyawƒìwin / ·ìÄ·ê¶·êÉ·î≠·êç·êè·ê£,cr,14,2342,40983,2,22495,25,0,483867,blue,Low_Qty_High_Quality
